{
  "n_train": 437,
  "n_test": 114,
  "n_test_run": 114,
  "categories": [
    "Helse og omsorg",
    "Opplæring og utdanning",
    "Arbeid",
    "Sosial og økonomisk trygghet",
    "Kultur-Idrett-Fritid",
    "Innbygger"
  ],
  "class_distribution": null,
  "doc_length_stats": null,
  "metrics": {
    "baseline": {
      "macro_f1": 0.7319088319088319,
      "macro_precision": 0.7972962709804815,
      "macro_recall": 0.7259038636551667,
      "accuracy": 0.8771929824561403,
      "per_cat": {
        "Helse og omsorg": {
          "precision": 0.948051948051948,
          "recall": 0.9240506329113924,
          "f1": 0.9358974358974359,
          "support": 79
        },
        "Opplæring og utdanning": {
          "precision": 0.8181818181818182,
          "recall": 1.0,
          "f1": 0.9,
          "support": 9
        },
        "Arbeid": {
          "precision": 0.6666666666666666,
          "recall": 0.6666666666666666,
          "f1": 0.6666666666666666,
          "support": 3
        },
        "Sosial og økonomisk trygghet": {
          "precision": 0.6842105263157895,
          "recall": 0.7647058823529411,
          "f1": 0.7222222222222222,
          "support": 17
        },
        "Kultur-Idrett-Fritid": {
          "precision": 0.6666666666666666,
          "recall": 0.6666666666666666,
          "f1": 0.6666666666666666,
          "support": 3
        },
        "Innbygger": {
          "precision": 1.0,
          "recall": 0.3333333333333333,
          "f1": 0.5,
          "support": 3
        }
      },
      "n": 114,
      "n_total": 114,
      "n_unparseable": 0
    },
    "summary": {
      "macro_f1": 0.7085879997644704,
      "macro_precision": 0.6907179907179907,
      "macro_recall": 0.7314883759410936,
      "accuracy": 0.868421052631579,
      "per_cat": {
        "Helse og omsorg": {
          "precision": 0.9594594594594594,
          "recall": 0.8987341772151899,
          "f1": 0.9281045751633987,
          "support": 79
        },
        "Opplæring og utdanning": {
          "precision": 0.8181818181818182,
          "recall": 1.0,
          "f1": 0.9,
          "support": 9
        },
        "Arbeid": {
          "precision": 0.6666666666666666,
          "recall": 0.6666666666666666,
          "f1": 0.6666666666666666,
          "support": 3
        },
        "Sosial og økonomisk trygghet": {
          "precision": 0.7,
          "recall": 0.8235294117647058,
          "f1": 0.7567567567567568,
          "support": 17
        },
        "Kultur-Idrett-Fritid": {
          "precision": 0.6666666666666666,
          "recall": 0.6666666666666666,
          "f1": 0.6666666666666666,
          "support": 3
        },
        "Innbygger": {
          "precision": 0.3333333333333333,
          "recall": 0.3333333333333333,
          "f1": 0.3333333333333333,
          "support": 3
        }
      },
      "n": 114,
      "n_total": 114,
      "n_unparseable": 0
    }
  },
  "term_banks": "<omitted: domain term lists>"
}