{
  "n_train": 437,
  "n_test": 114,
  "n_test_run": 114,
  "categories": [
    "Helse og omsorg",
    "Opplæring og utdanning",
    "Arbeid",
    "Sosial og økonomisk trygghet",
    "Kultur-Idrett-Fritid",
    "Innbygger"
  ],
  "class_distribution": null,
  "doc_length_stats": null,
  "metrics": {
    "baseline": {
      "macro_f1": 0.6561854537464294,
      "macro_precision": 0.6481993851559069,
      "macro_recall": 0.686489099859353,
      "accuracy": 0.8407079646017699,
      "per_cat": {
        "Helse og omsorg": {
          "precision": 0.9710144927536232,
          "recall": 0.8481012658227848,
          "f1": 0.9054054054054054,
          "support": 79
        },
        "Opplæring og utdanning": {
          "precision": 0.8181818181818182,
          "recall": 1.0,
          "f1": 0.9,
          "support": 9
        },
        "Arbeid": {
          "precision": 0.6666666666666666,
          "recall": 0.6666666666666666,
          "f1": 0.6666666666666666,
          "support": 3
        },
        "Sosial og økonomisk trygghet": {
          "precision": 0.6,
          "recall": 0.9375,
          "f1": 0.7317073170731707,
          "support": 16
        },
        "Kultur-Idrett-Fritid": {
          "precision": 0.5,
          "recall": 0.3333333333333333,
          "f1": 0.4,
          "support": 3
        },
        "Innbygger": {
          "precision": 0.3333333333333333,
          "recall": 0.3333333333333333,
          "f1": 0.3333333333333333,
          "support": 3
        }
      },
      "n": 113,
      "n_total": 114,
      "n_unparseable": 1
    },
    "summary": {
      "macro_f1": 0.6572194875678404,
      "macro_precision": 0.6493513732644168,
      "macro_recall": 0.6863363363363364,
      "accuracy": 0.8411214953271028,
      "per_cat": {
        "Helse og omsorg": {
          "precision": 0.9692307692307692,
          "recall": 0.8513513513513513,
          "f1": 0.9064748201438849,
          "support": 74
        },
        "Opplæring og utdanning": {
          "precision": 0.8181818181818182,
          "recall": 1.0,
          "f1": 0.9,
          "support": 9
        },
        "Arbeid": {
          "precision": 0.6666666666666666,
          "recall": 0.6666666666666666,
          "f1": 0.6666666666666666,
          "support": 3
        },
        "Sosial og økonomisk trygghet": {
          "precision": 0.6086956521739131,
          "recall": 0.9333333333333333,
          "f1": 0.7368421052631579,
          "support": 15
        },
        "Kultur-Idrett-Fritid": {
          "precision": 0.5,
          "recall": 0.3333333333333333,
          "f1": 0.4,
          "support": 3
        },
        "Innbygger": {
          "precision": 0.3333333333333333,
          "recall": 0.3333333333333333,
          "f1": 0.3333333333333333,
          "support": 3
        }
      },
      "n": 107,
      "n_total": 114,
      "n_unparseable": 7
    }
  },
  "term_banks": "<omitted: domain term lists>"
}