{
  "n_train": 437,
  "n_test": 114,
  "n_test_run": 114,
  "categories": [
    "Helse og omsorg",
    "Opplæring og utdanning",
    "Arbeid",
    "Sosial og økonomisk trygghet",
    "Kultur-Idrett-Fritid",
    "Innbygger"
  ],
  "class_distribution": null,
  "doc_length_stats": null,
  "metrics": {
    "baseline": {
      "macro_f1": 0.5975103283322462,
      "macro_precision": 0.58872663284428,
      "macro_recall": 0.6306089743589743,
      "accuracy": 0.8378378378378378,
      "per_cat": {
        "Helse og omsorg": {
          "precision": 0.9705882352941176,
          "recall": 0.8461538461538461,
          "f1": 0.9041095890410958,
          "support": 78
        },
        "Opplæring og utdanning": {
          "precision": 0.8181818181818182,
          "recall": 1.0,
          "f1": 0.9,
          "support": 9
        },
        "Arbeid": {
          "precision": 0.6666666666666666,
          "recall": 0.6666666666666666,
          "f1": 0.6666666666666666,
          "support": 3
        },
        "Sosial og økonomisk trygghet": {
          "precision": 0.5769230769230769,
          "recall": 0.9375,
          "f1": 0.7142857142857143,
          "support": 16
        },
        "Kultur-Idrett-Fritid": {
          "precision": 0.0,
          "recall": 0.0,
          "f1": 0.0,
          "support": 2
        },
        "Innbygger": {
          "precision": 0.5,
          "recall": 0.3333333333333333,
          "f1": 0.4,
          "support": 3
        }
      },
      "n": 111,
      "n_total": 114,
      "n_unparseable": 3
    },
    "summary": {
      "macro_f1": 0.6624427399595184,
      "macro_precision": 0.654935064935065,
      "macro_recall": 0.6892115495987424,
      "accuracy": 0.8508771929824561,
      "per_cat": {
        "Helse og omsorg": {
          "precision": 0.9714285714285714,
          "recall": 0.8607594936708861,
          "f1": 0.912751677852349,
          "support": 79
        },
        "Opplæring og utdanning": {
          "precision": 0.8181818181818182,
          "recall": 1.0,
          "f1": 0.9,
          "support": 9
        },
        "Arbeid": {
          "precision": 0.6666666666666666,
          "recall": 0.6666666666666666,
          "f1": 0.6666666666666666,
          "support": 3
        },
        "Sosial og økonomisk trygghet": {
          "precision": 0.64,
          "recall": 0.9411764705882353,
          "f1": 0.7619047619047619,
          "support": 17
        },
        "Kultur-Idrett-Fritid": {
          "precision": 0.5,
          "recall": 0.3333333333333333,
          "f1": 0.4,
          "support": 3
        },
        "Innbygger": {
          "precision": 0.3333333333333333,
          "recall": 0.3333333333333333,
          "f1": 0.3333333333333333,
          "support": 3
        }
      },
      "n": 114,
      "n_total": 114,
      "n_unparseable": 0
    }
  },
  "term_banks": "<omitted: domain term lists>"
}