{
  "n_train": 441,
  "n_test": 110,
  "n_test_run": 110,
  "categories": [
    "Helse og omsorg",
    "Opplæring og utdanning",
    "Arbeid",
    "Sosial og økonomisk trygghet",
    "Kultur-Idrett-Fritid",
    "Innbygger"
  ],
  "class_distribution": null,
  "doc_length_stats": null,
  "metrics": {
    "baseline": {
      "macro_f1": 0.8846405228758171,
      "macro_precision": 0.9166892269929793,
      "macro_recall": 0.8901960784313725,
      "accuracy": 0.9090909090909091,
      "per_cat": {
        "Helse og omsorg": {
          "precision": 0.9863013698630136,
          "recall": 0.9,
          "f1": 0.9411764705882353,
          "support": 80
        },
        "Opplæring og utdanning": {
          "precision": 0.8181818181818182,
          "recall": 1.0,
          "f1": 0.9,
          "support": 9
        },
        "Arbeid": {
          "precision": 1.0,
          "recall": 1.0,
          "f1": 1.0,
          "support": 1
        },
        "Sosial og økonomisk trygghet": {
          "precision": 0.6956521739130435,
          "recall": 0.9411764705882353,
          "f1": 0.8,
          "support": 17
        },
        "Kultur-Idrett-Fritid": {
          "precision": 1.0,
          "recall": 0.5,
          "f1": 0.6666666666666666,
          "support": 2
        },
        "Innbygger": {
          "precision": 1.0,
          "recall": 1.0,
          "f1": 1.0,
          "support": 1
        }
      },
      "n": 110,
      "n_total": 110,
      "n_unparseable": 0
    },
    "es": {
      "macro_f1": 0.8846405228758171,
      "macro_precision": 0.9166892269929793,
      "macro_recall": 0.8901960784313725,
      "accuracy": 0.9090909090909091,
      "per_cat": {
        "Helse og omsorg": {
          "precision": 0.9863013698630136,
          "recall": 0.9,
          "f1": 0.9411764705882353,
          "support": 80
        },
        "Opplæring og utdanning": {
          "precision": 0.8181818181818182,
          "recall": 1.0,
          "f1": 0.9,
          "support": 9
        },
        "Arbeid": {
          "precision": 1.0,
          "recall": 1.0,
          "f1": 1.0,
          "support": 1
        },
        "Sosial og økonomisk trygghet": {
          "precision": 0.6956521739130435,
          "recall": 0.9411764705882353,
          "f1": 0.8,
          "support": 17
        },
        "Kultur-Idrett-Fritid": {
          "precision": 1.0,
          "recall": 0.5,
          "f1": 0.6666666666666666,
          "support": 2
        },
        "Innbygger": {
          "precision": 1.0,
          "recall": 1.0,
          "f1": 1.0,
          "support": 1
        }
      },
      "n": 110,
      "n_total": 110,
      "n_unparseable": 0
    },
    "spacy": {
      "macro_f1": 0.881632795586284,
      "macro_precision": 0.9120046620046619,
      "macro_recall": 0.8955696202531646,
      "accuracy": 0.8990825688073395,
      "per_cat": {
        "Helse og omsorg": {
          "precision": 1.0,
          "recall": 0.8734177215189873,
          "f1": 0.9324324324324325,
          "support": 79
        },
        "Opplæring og utdanning": {
          "precision": 0.8181818181818182,
          "recall": 1.0,
          "f1": 0.9,
          "support": 9
        },
        "Arbeid": {
          "precision": 1.0,
          "recall": 1.0,
          "f1": 1.0,
          "support": 1
        },
        "Sosial og økonomisk trygghet": {
          "precision": 0.6538461538461539,
          "recall": 1.0,
          "f1": 0.7906976744186046,
          "support": 17
        },
        "Kultur-Idrett-Fritid": {
          "precision": 1.0,
          "recall": 0.5,
          "f1": 0.6666666666666666,
          "support": 2
        },
        "Innbygger": {
          "precision": 1.0,
          "recall": 1.0,
          "f1": 1.0,
          "support": 1
        }
      },
      "n": 109,
      "n_total": 110,
      "n_unparseable": 1
    },
    "hybrid": {
      "macro_f1": 0.8784937284937285,
      "macro_precision": 0.9121621621621622,
      "macro_recall": 0.8803921568627451,
      "accuracy": 0.9,
      "per_cat": {
        "Helse og omsorg": {
          "precision": 0.972972972972973,
          "recall": 0.9,
          "f1": 0.935064935064935,
          "support": 80
        },
        "Opplæring og utdanning": {
          "precision": 0.8181818181818182,
          "recall": 1.0,
          "f1": 0.9,
          "support": 9
        },
        "Arbeid": {
          "precision": 1.0,
          "recall": 1.0,
          "f1": 1.0,
          "support": 1
        },
        "Sosial og økonomisk trygghet": {
          "precision": 0.6818181818181818,
          "recall": 0.8823529411764706,
          "f1": 0.7692307692307693,
          "support": 17
        },
        "Kultur-Idrett-Fritid": {
          "precision": 1.0,
          "recall": 0.5,
          "f1": 0.6666666666666666,
          "support": 2
        },
        "Innbygger": {
          "precision": 1.0,
          "recall": 1.0,
          "f1": 1.0,
          "support": 1
        }
      },
      "n": 110,
      "n_total": 110,
      "n_unparseable": 0
    }
  },
  "term_banks": "<omitted: domain term lists>"
}