{
  "n_train": 441,
  "n_test": 110,
  "n_test_run": 110,
  "categories": [
    "Helse og omsorg",
    "Opplæring og utdanning",
    "Arbeid",
    "Sosial og økonomisk trygghet",
    "Kultur-Idrett-Fritid",
    "Innbygger"
  ],
  "class_distribution": null,
  "doc_length_stats": null,
  "metrics": {
    "baseline": {
      "macro_f1": 0.6973721340388007,
      "macro_precision": 0.6633954678362574,
      "macro_recall": 0.8603988603988605,
      "accuracy": 0.7798165137614679,
      "per_cat": {
        "Helse og omsorg": {
          "precision": 0.9824561403508771,
          "recall": 0.717948717948718,
          "f1": 0.8296296296296296,
          "support": 78
        },
        "Opplæring og utdanning": {
          "precision": 0.8,
          "recall": 1.0,
          "f1": 0.8888888888888888,
          "support": 8
        },
        "Arbeid": {
          "precision": 1.0,
          "recall": 1.0,
          "f1": 1.0,
          "support": 2
        },
        "Sosial og økonomisk trygghet": {
          "precision": 0.53125,
          "recall": 0.9444444444444444,
          "f1": 0.68,
          "support": 18
        },
        "Kultur-Idrett-Fritid": {
          "precision": 0.5,
          "recall": 0.5,
          "f1": 0.5,
          "support": 2
        },
        "Innbygger": {
          "precision": 0.16666666666666666,
          "recall": 1.0,
          "f1": 0.2857142857142857,
          "support": 1
        }
      },
      "n": 109,
      "n_total": 110,
      "n_unparseable": 1
    },
    "es": {
      "macro_f1": 0.6951499118165785,
      "macro_precision": 0.6608753065459347,
      "macro_recall": 0.8598541980894923,
      "accuracy": 0.7777777777777778,
      "per_cat": {
        "Helse og omsorg": {
          "precision": 0.9824561403508771,
          "recall": 0.717948717948718,
          "f1": 0.8296296296296296,
          "support": 78
        },
        "Opplæring og utdanning": {
          "precision": 0.8,
          "recall": 1.0,
          "f1": 0.8888888888888888,
          "support": 8
        },
        "Arbeid": {
          "precision": 1.0,
          "recall": 1.0,
          "f1": 1.0,
          "support": 2
        },
        "Sosial og økonomisk trygghet": {
          "precision": 0.5161290322580645,
          "recall": 0.9411764705882353,
          "f1": 0.6666666666666666,
          "support": 17
        },
        "Kultur-Idrett-Fritid": {
          "precision": 0.5,
          "recall": 0.5,
          "f1": 0.5,
          "support": 2
        },
        "Innbygger": {
          "precision": 0.16666666666666666,
          "recall": 1.0,
          "f1": 0.2857142857142857,
          "support": 1
        }
      },
      "n": 108,
      "n_total": 110,
      "n_unparseable": 2
    },
    "spacy": {
      "macro_f1": 0.6725831161652057,
      "macro_precision": 0.6303571428571428,
      "macro_recall": 0.849002849002849,
      "accuracy": 0.7614678899082569,
      "per_cat": {
        "Helse og omsorg": {
          "precision": 0.9821428571428571,
          "recall": 0.7051282051282052,
          "f1": 0.8208955223880597,
          "support": 78
        },
        "Opplæring og utdanning": {
          "precision": 0.8,
          "recall": 1.0,
          "f1": 0.8888888888888888,
          "support": 8
        },
        "Arbeid": {
          "precision": 1.0,
          "recall": 1.0,
          "f1": 1.0,
          "support": 2
        },
        "Sosial og økonomisk trygghet": {
          "precision": 0.5,
          "recall": 0.8888888888888888,
          "f1": 0.64,
          "support": 18
        },
        "Kultur-Idrett-Fritid": {
          "precision": 0.3333333333333333,
          "recall": 0.5,
          "f1": 0.4,
          "support": 2
        },
        "Innbygger": {
          "precision": 0.16666666666666666,
          "recall": 1.0,
          "f1": 0.2857142857142857,
          "support": 1
        }
      },
      "n": 109,
      "n_total": 110,
      "n_unparseable": 1
    },
    "hybrid": {
      "macro_f1": 0.7153250188964475,
      "macro_precision": 0.7401881720430108,
      "macro_recall": 0.8520955165692007,
      "accuracy": 0.7757009345794392,
      "per_cat": {
        "Helse og omsorg": {
          "precision": 0.9821428571428571,
          "recall": 0.7236842105263158,
          "f1": 0.8333333333333334,
          "support": 76
        },
        "Opplæring og utdanning": {
          "precision": 0.8,
          "recall": 1.0,
          "f1": 0.8888888888888888,
          "support": 8
        },
        "Arbeid": {
          "precision": 1.0,
          "recall": 1.0,
          "f1": 1.0,
          "support": 2
        },
        "Sosial og økonomisk trygghet": {
          "precision": 0.5161290322580645,
          "recall": 0.8888888888888888,
          "f1": 0.6530612244897959,
          "support": 18
        },
        "Kultur-Idrett-Fritid": {
          "precision": 1.0,
          "recall": 0.5,
          "f1": 0.6666666666666666,
          "support": 2
        },
        "Innbygger": {
          "precision": 0.14285714285714285,
          "recall": 1.0,
          "f1": 0.25,
          "support": 1
        }
      },
      "n": 107,
      "n_total": 110,
      "n_unparseable": 3
    }
  },
  "term_banks": "<omitted: domain term lists>"
}