{
  "n_train": 440,
  "n_test": 111,
  "n_test_run": 111,
  "categories": [
    "Helse og omsorg",
    "Opplæring og utdanning",
    "Arbeid",
    "Sosial og økonomisk trygghet",
    "Kultur-Idrett-Fritid",
    "Innbygger"
  ],
  "class_distribution": null,
  "doc_length_stats": null,
  "metrics": {
    "baseline": {
      "macro_f1": 0.757159069668082,
      "macro_precision": 0.7209876543209877,
      "macro_recall": 0.9006094702297234,
      "accuracy": 0.8648648648648649,
      "per_cat": {
        "Helse og omsorg": {
          "precision": 1.0,
          "recall": 0.8481012658227848,
          "f1": 0.9178082191780822,
          "support": 79
        },
        "Opplæring og utdanning": {
          "precision": 0.9,
          "recall": 1.0,
          "f1": 0.9473684210526315,
          "support": 9
        },
        "Arbeid": {
          "precision": 0.5,
          "recall": 1.0,
          "f1": 0.6666666666666666,
          "support": 1
        },
        "Sosial og økonomisk trygghet": {
          "precision": 0.5925925925925926,
          "recall": 0.8888888888888888,
          "f1": 0.7111111111111111,
          "support": 18
        },
        "Kultur-Idrett-Fritid": {
          "precision": 1.0,
          "recall": 0.6666666666666666,
          "f1": 0.8,
          "support": 3
        },
        "Innbygger": {
          "precision": 0.3333333333333333,
          "recall": 1.0,
          "f1": 0.5,
          "support": 1
        }
      },
      "n": 111,
      "n_total": 111,
      "n_unparseable": 0
    },
    "es": {
      "macro_f1": 0.42,
      "macro_precision": 0.4047619047619047,
      "macro_recall": 0.4753086419753087,
      "accuracy": 0.8484848484848485,
      "per_cat": {
        "Helse og omsorg": {
          "precision": 1.0,
          "recall": 0.8518518518518519,
          "f1": 0.92,
          "support": 27
        },
        "Opplæring og utdanning": {
          "precision": 1.0,
          "recall": 1.0,
          "f1": 1.0,
          "support": 2
        },
        "Arbeid": {
          "precision": 0.0,
          "recall": 0.0,
          "f1": 0.0,
          "support": 0
        },
        "Sosial og økonomisk trygghet": {
          "precision": 0.42857142857142855,
          "recall": 1.0,
          "f1": 0.6,
          "support": 3
        },
        "Kultur-Idrett-Fritid": {
          "precision": 0.0,
          "recall": 0.0,
          "f1": 0.0,
          "support": 1
        },
        "Innbygger": {
          "precision": 0.0,
          "recall": 0.0,
          "f1": 0.0,
          "support": 0
        }
      },
      "n": 33,
      "n_total": 111,
      "n_unparseable": 78
    },
    "spacy": {
      "macro_f1": 0.757159069668082,
      "macro_precision": 0.7209876543209877,
      "macro_recall": 0.9006094702297234,
      "accuracy": 0.8648648648648649,
      "per_cat": {
        "Helse og omsorg": {
          "precision": 1.0,
          "recall": 0.8481012658227848,
          "f1": 0.9178082191780822,
          "support": 79
        },
        "Opplæring og utdanning": {
          "precision": 0.9,
          "recall": 1.0,
          "f1": 0.9473684210526315,
          "support": 9
        },
        "Arbeid": {
          "precision": 0.5,
          "recall": 1.0,
          "f1": 0.6666666666666666,
          "support": 1
        },
        "Sosial og økonomisk trygghet": {
          "precision": 0.5925925925925926,
          "recall": 0.8888888888888888,
          "f1": 0.7111111111111111,
          "support": 18
        },
        "Kultur-Idrett-Fritid": {
          "precision": 1.0,
          "recall": 0.6666666666666666,
          "f1": 0.8,
          "support": 3
        },
        "Innbygger": {
          "precision": 0.3333333333333333,
          "recall": 1.0,
          "f1": 0.5,
          "support": 1
        }
      },
      "n": 111,
      "n_total": 111,
      "n_unparseable": 0
    },
    "hybrid": {
      "macro_f1": 0.7651089277772264,
      "macro_precision": 0.7288888888888888,
      "macro_recall": 0.9048288795124239,
      "accuracy": 0.8828828828828829,
      "per_cat": {
        "Helse og omsorg": {
          "precision": 1.0,
          "recall": 0.8734177215189873,
          "f1": 0.9324324324324325,
          "support": 79
        },
        "Opplæring og utdanning": {
          "precision": 0.9,
          "recall": 1.0,
          "f1": 0.9473684210526315,
          "support": 9
        },
        "Arbeid": {
          "precision": 0.5,
          "recall": 1.0,
          "f1": 0.6666666666666666,
          "support": 1
        },
        "Sosial og økonomisk trygghet": {
          "precision": 0.64,
          "recall": 0.8888888888888888,
          "f1": 0.7441860465116279,
          "support": 18
        },
        "Kultur-Idrett-Fritid": {
          "precision": 1.0,
          "recall": 0.6666666666666666,
          "f1": 0.8,
          "support": 3
        },
        "Innbygger": {
          "precision": 0.3333333333333333,
          "recall": 1.0,
          "f1": 0.5,
          "support": 1
        }
      },
      "n": 111,
      "n_total": 111,
      "n_unparseable": 0
    }
  },
  "term_banks": "<omitted: domain term lists>"
}