{
  "n_train": 440,
  "n_test": 111,
  "n_test_run": 111,
  "categories": [
    "Helse og omsorg",
    "Opplæring og utdanning",
    "Arbeid",
    "Sosial og økonomisk trygghet",
    "Kultur-Idrett-Fritid",
    "Innbygger"
  ],
  "class_distribution": null,
  "doc_length_stats": null,
  "metrics": {
    "baseline": {
      "macro_f1": 0.7899135551622934,
      "macro_precision": 0.7525641025641026,
      "macro_recall": 0.9045584045584046,
      "accuracy": 0.8818181818181818,
      "per_cat": {
        "Helse og omsorg": {
          "precision": 1.0,
          "recall": 0.8717948717948718,
          "f1": 0.9315068493150684,
          "support": 78
        },
        "Opplæring og utdanning": {
          "precision": 0.9,
          "recall": 1.0,
          "f1": 0.9473684210526315,
          "support": 9
        },
        "Arbeid": {
          "precision": 0.5,
          "recall": 1.0,
          "f1": 0.6666666666666666,
          "support": 1
        },
        "Sosial og økonomisk trygghet": {
          "precision": 0.6153846153846154,
          "recall": 0.8888888888888888,
          "f1": 0.7272727272727273,
          "support": 18
        },
        "Kultur-Idrett-Fritid": {
          "precision": 1.0,
          "recall": 0.6666666666666666,
          "f1": 0.8,
          "support": 3
        },
        "Innbygger": {
          "precision": 0.5,
          "recall": 1.0,
          "f1": 0.6666666666666666,
          "support": 1
        }
      },
      "n": 110,
      "n_total": 111,
      "n_unparseable": 1
    },
    "es": {
      "macro_f1": 0.7590721968925678,
      "macro_precision": 0.7433333333333333,
      "macro_recall": 0.87232905982906,
      "accuracy": 0.8691588785046729,
      "per_cat": {
        "Helse og omsorg": {
          "precision": 1.0,
          "recall": 0.8589743589743589,
          "f1": 0.9241379310344827,
          "support": 78
        },
        "Opplæring og utdanning": {
          "precision": 0.9,
          "recall": 1.0,
          "f1": 0.9473684210526315,
          "support": 9
        },
        "Arbeid": {
          "precision": 0.5,
          "recall": 1.0,
          "f1": 0.6666666666666666,
          "support": 1
        },
        "Sosial og økonomisk trygghet": {
          "precision": 0.56,
          "recall": 0.875,
          "f1": 0.6829268292682927,
          "support": 16
        },
        "Kultur-Idrett-Fritid": {
          "precision": 1.0,
          "recall": 0.5,
          "f1": 0.6666666666666666,
          "support": 2
        },
        "Innbygger": {
          "precision": 0.5,
          "recall": 1.0,
          "f1": 0.6666666666666666,
          "support": 1
        }
      },
      "n": 107,
      "n_total": 111,
      "n_unparseable": 4
    },
    "spacy": {
      "macro_f1": 0.7861638222540478,
      "macro_precision": 0.7487654320987653,
      "macro_recall": 0.9027191748710736,
      "accuracy": 0.8738738738738738,
      "per_cat": {
        "Helse og omsorg": {
          "precision": 1.0,
          "recall": 0.8607594936708861,
          "f1": 0.9251700680272109,
          "support": 79
        },
        "Opplæring og utdanning": {
          "precision": 0.9,
          "recall": 1.0,
          "f1": 0.9473684210526315,
          "support": 9
        },
        "Arbeid": {
          "precision": 0.5,
          "recall": 1.0,
          "f1": 0.6666666666666666,
          "support": 1
        },
        "Sosial og økonomisk trygghet": {
          "precision": 0.5925925925925926,
          "recall": 0.8888888888888888,
          "f1": 0.7111111111111111,
          "support": 18
        },
        "Kultur-Idrett-Fritid": {
          "precision": 1.0,
          "recall": 0.6666666666666666,
          "f1": 0.8,
          "support": 3
        },
        "Innbygger": {
          "precision": 0.5,
          "recall": 1.0,
          "f1": 0.6666666666666666,
          "support": 1
        }
      },
      "n": 111,
      "n_total": 111,
      "n_unparseable": 0
    },
    "hybrid": {
      "macro_f1": 0.7828923817589052,
      "macro_precision": 0.7443019943019943,
      "macro_recall": 0.9016298502523372,
      "accuracy": 0.8715596330275229,
      "per_cat": {
        "Helse og omsorg": {
          "precision": 1.0,
          "recall": 0.8607594936708861,
          "f1": 0.9251700680272109,
          "support": 79
        },
        "Opplæring og utdanning": {
          "precision": 0.8888888888888888,
          "recall": 1.0,
          "f1": 0.9411764705882353,
          "support": 8
        },
        "Arbeid": {
          "precision": 0.5,
          "recall": 1.0,
          "f1": 0.6666666666666666,
          "support": 1
        },
        "Sosial og økonomisk trygghet": {
          "precision": 0.5769230769230769,
          "recall": 0.8823529411764706,
          "f1": 0.6976744186046512,
          "support": 17
        },
        "Kultur-Idrett-Fritid": {
          "precision": 1.0,
          "recall": 0.6666666666666666,
          "f1": 0.8,
          "support": 3
        },
        "Innbygger": {
          "precision": 0.5,
          "recall": 1.0,
          "f1": 0.6666666666666666,
          "support": 1
        }
      },
      "n": 109,
      "n_total": 111,
      "n_unparseable": 2
    }
  },
  "term_banks": "<omitted: domain term lists>"
}