{
  "n_train": 441,
  "n_test": 110,
  "n_test_run": 110,
  "categories": [
    "Helse og omsorg",
    "Opplæring og utdanning",
    "Arbeid",
    "Sosial og økonomisk trygghet",
    "Kultur-Idrett-Fritid",
    "Innbygger"
  ],
  "class_distribution": null,
  "doc_length_stats": null,
  "metrics": {
    "baseline": {
      "macro_f1": 0.8004992920485879,
      "macro_precision": 0.8035714285714285,
      "macro_recall": 0.8769482151835093,
      "accuracy": 0.8518518518518519,
      "per_cat": {
        "Helse og omsorg": {
          "precision": 1.0,
          "recall": 0.8205128205128205,
          "f1": 0.9014084507042254,
          "support": 78
        },
        "Opplæring og utdanning": {
          "precision": 0.75,
          "recall": 1.0,
          "f1": 0.8571428571428571,
          "support": 9
        },
        "Arbeid": {
          "precision": 1.0,
          "recall": 1.0,
          "f1": 1.0,
          "support": 1
        },
        "Sosial og økonomisk trygghet": {
          "precision": 0.5714285714285714,
          "recall": 0.9411764705882353,
          "f1": 0.7111111111111111,
          "support": 17
        },
        "Kultur-Idrett-Fritid": {
          "precision": 1.0,
          "recall": 0.5,
          "f1": 0.6666666666666666,
          "support": 2
        },
        "Innbygger": {
          "precision": 0.5,
          "recall": 1.0,
          "f1": 0.6666666666666666,
          "support": 1
        }
      },
      "n": 108,
      "n_total": 110,
      "n_unparseable": 2
    },
    "es": {
      "macro_f1": 0.6980808184845676,
      "macro_precision": 0.7237762237762237,
      "macro_recall": 0.7246835443037974,
      "accuracy": 0.8773584905660378,
      "per_cat": {
        "Helse og omsorg": {
          "precision": 1.0,
          "recall": 0.8481012658227848,
          "f1": 0.9178082191780822,
          "support": 79
        },
        "Opplæring og utdanning": {
          "precision": 0.7272727272727273,
          "recall": 1.0,
          "f1": 0.8421052631578947,
          "support": 8
        },
        "Arbeid": {
          "precision": 0.0,
          "recall": 0.0,
          "f1": 0.0,
          "support": 0
        },
        "Sosial og økonomisk trygghet": {
          "precision": 0.6153846153846154,
          "recall": 1.0,
          "f1": 0.7619047619047619,
          "support": 16
        },
        "Kultur-Idrett-Fritid": {
          "precision": 1.0,
          "recall": 0.5,
          "f1": 0.6666666666666666,
          "support": 2
        },
        "Innbygger": {
          "precision": 1.0,
          "recall": 1.0,
          "f1": 1.0,
          "support": 1
        }
      },
      "n": 106,
      "n_total": 110,
      "n_unparseable": 4
    },
    "spacy": {
      "macro_f1": 0.9082138729320844,
      "macro_precision": 0.8820816864295126,
      "macro_recall": 0.9656084656084656,
      "accuracy": 0.8505747126436781,
      "per_cat": {
        "Helse og omsorg": {
          "precision": 1.0,
          "recall": 0.7936507936507936,
          "f1": 0.8849557522123894,
          "support": 63
        },
        "Opplæring og utdanning": {
          "precision": 0.7272727272727273,
          "recall": 1.0,
          "f1": 0.8421052631578947,
          "support": 8
        },
        "Arbeid": {
          "precision": 1.0,
          "recall": 1.0,
          "f1": 1.0,
          "support": 1
        },
        "Sosial og økonomisk trygghet": {
          "precision": 0.5652173913043478,
          "recall": 1.0,
          "f1": 0.7222222222222222,
          "support": 13
        },
        "Kultur-Idrett-Fritid": {
          "precision": 1.0,
          "recall": 1.0,
          "f1": 1.0,
          "support": 1
        },
        "Innbygger": {
          "precision": 1.0,
          "recall": 1.0,
          "f1": 1.0,
          "support": 1
        }
      },
      "n": 87,
      "n_total": 110,
      "n_unparseable": 23
    },
    "hybrid": {
      "macro_f1": 0.48134920634920636,
      "macro_precision": 0.4743589743589744,
      "macro_recall": 0.49074074074074076,
      "accuracy": 0.96,
      "per_cat": {
        "Helse og omsorg": {
          "precision": 1.0,
          "recall": 0.9444444444444444,
          "f1": 0.9714285714285714,
          "support": 36
        },
        "Opplæring og utdanning": {
          "precision": 1.0,
          "recall": 1.0,
          "f1": 1.0,
          "support": 3
        },
        "Arbeid": {
          "precision": 0.0,
          "recall": 0.0,
          "f1": 0.0,
          "support": 0
        },
        "Sosial og økonomisk trygghet": {
          "precision": 0.8461538461538461,
          "recall": 1.0,
          "f1": 0.9166666666666666,
          "support": 11
        },
        "Kultur-Idrett-Fritid": {
          "precision": 0.0,
          "recall": 0.0,
          "f1": 0.0,
          "support": 0
        },
        "Innbygger": {
          "precision": 0.0,
          "recall": 0.0,
          "f1": 0.0,
          "support": 0
        }
      },
      "n": 50,
      "n_total": 110,
      "n_unparseable": 60
    }
  },
  "term_banks": "<omitted: domain term lists>"
}