{
  "n_train": 441,
  "n_test": 110,
  "n_test_run": 110,
  "categories": [
    "Helse og omsorg",
    "Opplæring og utdanning",
    "Arbeid",
    "Sosial og økonomisk trygghet",
    "Kultur-Idrett-Fritid",
    "Innbygger"
  ],
  "class_distribution": null,
  "doc_length_stats": null,
  "metrics": {
    "baseline": {
      "macro_f1": 0.5619047619047618,
      "macro_precision": 0.518719806763285,
      "macro_recall": 0.630546955624355,
      "accuracy": 0.8584905660377359,
      "per_cat": {
        "Helse og omsorg": {
          "precision": 1.0,
          "recall": 0.8421052631578947,
          "f1": 0.9142857142857143,
          "support": 76
        },
        "Opplæring og utdanning": {
          "precision": 0.75,
          "recall": 1.0,
          "f1": 0.8571428571428571,
          "support": 9
        },
        "Arbeid": {
          "precision": 0.0,
          "recall": 0.0,
          "f1": 0.0,
          "support": 1
        },
        "Sosial og økonomisk trygghet": {
          "precision": 0.6956521739130435,
          "recall": 0.9411764705882353,
          "f1": 0.8,
          "support": 17
        },
        "Kultur-Idrett-Fritid": {
          "precision": 0.6666666666666666,
          "recall": 1.0,
          "f1": 0.8,
          "support": 2
        },
        "Innbygger": {
          "precision": 0.0,
          "recall": 0.0,
          "f1": 0.0,
          "support": 1
        }
      },
      "n": 106,
      "n_total": 110,
      "n_unparseable": 4
    },
    "es": {
      "macro_f1": 0.5085326953748006,
      "macro_precision": 0.4593763724198507,
      "macro_recall": 0.6290849673202614,
      "accuracy": 0.8490566037735849,
      "per_cat": {
        "Helse og omsorg": {
          "precision": 1.0,
          "recall": 0.8333333333333334,
          "f1": 0.9090909090909091,
          "support": 78
        },
        "Opplæring og utdanning": {
          "precision": 0.7272727272727273,
          "recall": 1.0,
          "f1": 0.8421052631578947,
          "support": 8
        },
        "Arbeid": {
          "precision": 0.0,
          "recall": 0.0,
          "f1": 0.0,
          "support": 1
        },
        "Sosial og økonomisk trygghet": {
          "precision": 0.6956521739130435,
          "recall": 0.9411764705882353,
          "f1": 0.8,
          "support": 17
        },
        "Kultur-Idrett-Fritid": {
          "precision": 0.3333333333333333,
          "recall": 1.0,
          "f1": 0.5,
          "support": 1
        },
        "Innbygger": {
          "precision": 0.0,
          "recall": 0.0,
          "f1": 0.0,
          "support": 1
        }
      },
      "n": 106,
      "n_total": 110,
      "n_unparseable": 4
    },
    "spacy": {
      "macro_f1": 0.5223146223146223,
      "macro_precision": 0.4776334776334777,
      "macro_recall": 0.6324404761904762,
      "accuracy": 0.875,
      "per_cat": {
        "Helse og omsorg": {
          "precision": 1.0,
          "recall": 0.8571428571428571,
          "f1": 0.9230769230769231,
          "support": 77
        },
        "Opplæring og utdanning": {
          "precision": 0.8181818181818182,
          "recall": 1.0,
          "f1": 0.9,
          "support": 9
        },
        "Arbeid": {
          "precision": 0.0,
          "recall": 0.0,
          "f1": 0.0,
          "support": 0
        },
        "Sosial og økonomisk trygghet": {
          "precision": 0.7142857142857143,
          "recall": 0.9375,
          "f1": 0.8108108108108109,
          "support": 16
        },
        "Kultur-Idrett-Fritid": {
          "precision": 0.3333333333333333,
          "recall": 1.0,
          "f1": 0.5,
          "support": 1
        },
        "Innbygger": {
          "precision": 0.0,
          "recall": 0.0,
          "f1": 0.0,
          "support": 1
        }
      },
      "n": 104,
      "n_total": 110,
      "n_unparseable": 6
    },
    "hybrid": {
      "macro_f1": 0.5221327710689413,
      "macro_precision": 0.4776334776334777,
      "macro_recall": 0.6321271929824561,
      "accuracy": 0.8653846153846154,
      "per_cat": {
        "Helse og omsorg": {
          "precision": 1.0,
          "recall": 0.8552631578947368,
          "f1": 0.9219858156028369,
          "support": 76
        },
        "Opplæring og utdanning": {
          "precision": 0.8181818181818182,
          "recall": 1.0,
          "f1": 0.9,
          "support": 9
        },
        "Arbeid": {
          "precision": 0.0,
          "recall": 0.0,
          "f1": 0.0,
          "support": 1
        },
        "Sosial og økonomisk trygghet": {
          "precision": 0.7142857142857143,
          "recall": 0.9375,
          "f1": 0.8108108108108109,
          "support": 16
        },
        "Kultur-Idrett-Fritid": {
          "precision": 0.3333333333333333,
          "recall": 1.0,
          "f1": 0.5,
          "support": 1
        },
        "Innbygger": {
          "precision": 0.0,
          "recall": 0.0,
          "f1": 0.0,
          "support": 1
        }
      },
      "n": 104,
      "n_total": 110,
      "n_unparseable": 6
    }
  },
  "term_banks": "<omitted: domain term lists>"
}