{
  "n_train": 441,
  "n_test": 110,
  "n_test_run": 110,
  "categories": [
    "Helse og omsorg",
    "Opplæring og utdanning",
    "Arbeid",
    "Sosial og økonomisk trygghet",
    "Kultur-Idrett-Fritid",
    "Innbygger"
  ],
  "class_distribution": null,
  "doc_length_stats": null,
  "metrics": {
    "baseline": {
      "macro_f1": 0.7950587180335572,
      "macro_precision": 0.7490711714849646,
      "macro_recall": 0.8871308016877637,
      "accuracy": 0.8636363636363636,
      "per_cat": {
        "Helse og omsorg": {
          "precision": 0.9848484848484849,
          "recall": 0.8227848101265823,
          "f1": 0.896551724137931,
          "support": 79
        },
        "Opplæring og utdanning": {
          "precision": 0.8888888888888888,
          "recall": 1.0,
          "f1": 0.9411764705882353,
          "support": 8
        },
        "Arbeid": {
          "precision": 1.0,
          "recall": 1.0,
          "f1": 1.0,
          "support": 2
        },
        "Sosial og økonomisk trygghet": {
          "precision": 0.6206896551724138,
          "recall": 1.0,
          "f1": 0.7659574468085106,
          "support": 18
        },
        "Kultur-Idrett-Fritid": {
          "precision": 0.5,
          "recall": 0.5,
          "f1": 0.5,
          "support": 2
        },
        "Innbygger": {
          "precision": 0.5,
          "recall": 1.0,
          "f1": 0.6666666666666666,
          "support": 1
        }
      },
      "n": 110,
      "n_total": 110,
      "n_unparseable": 0
    },
    "es": {
      "macro_f1": 0.803234627184207,
      "macro_precision": 0.7568082788671023,
      "macro_recall": 0.8913502109704642,
      "accuracy": 0.8818181818181818,
      "per_cat": {
        "Helse og omsorg": {
          "precision": 0.9852941176470589,
          "recall": 0.8481012658227848,
          "f1": 0.9115646258503401,
          "support": 79
        },
        "Opplæring og utdanning": {
          "precision": 0.8888888888888888,
          "recall": 1.0,
          "f1": 0.9411764705882353,
          "support": 8
        },
        "Arbeid": {
          "precision": 1.0,
          "recall": 1.0,
          "f1": 1.0,
          "support": 2
        },
        "Sosial og økonomisk trygghet": {
          "precision": 0.6666666666666666,
          "recall": 1.0,
          "f1": 0.8,
          "support": 18
        },
        "Kultur-Idrett-Fritid": {
          "precision": 0.5,
          "recall": 0.5,
          "f1": 0.5,
          "support": 2
        },
        "Innbygger": {
          "precision": 0.5,
          "recall": 1.0,
          "f1": 0.6666666666666666,
          "support": 1
        }
      },
      "n": 110,
      "n_total": 110,
      "n_unparseable": 0
    },
    "spacy": {
      "macro_f1": 0.7229700270878504,
      "macro_precision": 0.6737593504834885,
      "macro_recall": 0.8715424285044538,
      "accuracy": 0.8272727272727273,
      "per_cat": {
        "Helse og omsorg": {
          "precision": 0.9841269841269841,
          "recall": 0.7848101265822784,
          "f1": 0.8732394366197183,
          "support": 79
        },
        "Opplæring og utdanning": {
          "precision": 0.8888888888888888,
          "recall": 1.0,
          "f1": 0.9411764705882353,
          "support": 8
        },
        "Arbeid": {
          "precision": 1.0,
          "recall": 1.0,
          "f1": 1.0,
          "support": 2
        },
        "Sosial og økonomisk trygghet": {
          "precision": 0.5862068965517241,
          "recall": 0.9444444444444444,
          "f1": 0.723404255319149,
          "support": 18
        },
        "Kultur-Idrett-Fritid": {
          "precision": 0.3333333333333333,
          "recall": 0.5,
          "f1": 0.4,
          "support": 2
        },
        "Innbygger": {
          "precision": 0.25,
          "recall": 1.0,
          "f1": 0.4,
          "support": 1
        }
      },
      "n": 110,
      "n_total": 110,
      "n_unparseable": 0
    },
    "hybrid": {
      "macro_f1": 0.7756349419524278,
      "macro_precision": 0.7203335175971993,
      "macro_recall": 0.8778715424285045,
      "accuracy": 0.8545454545454545,
      "per_cat": {
        "Helse og omsorg": {
          "precision": 0.9701492537313433,
          "recall": 0.8227848101265823,
          "f1": 0.8904109589041096,
          "support": 79
        },
        "Opplæring og utdanning": {
          "precision": 0.8888888888888888,
          "recall": 1.0,
          "f1": 0.9411764705882353,
          "support": 8
        },
        "Arbeid": {
          "precision": 1.0,
          "recall": 1.0,
          "f1": 1.0,
          "support": 2
        },
        "Sosial og økonomisk trygghet": {
          "precision": 0.6296296296296297,
          "recall": 0.9444444444444444,
          "f1": 0.7555555555555555,
          "support": 18
        },
        "Kultur-Idrett-Fritid": {
          "precision": 0.3333333333333333,
          "recall": 0.5,
          "f1": 0.4,
          "support": 2
        },
        "Innbygger": {
          "precision": 0.5,
          "recall": 1.0,
          "f1": 0.6666666666666666,
          "support": 1
        }
      },
      "n": 110,
      "n_total": 110,
      "n_unparseable": 0
    }
  },
  "term_banks": "<omitted: domain term lists>"
}