,es,spacy,hybrid
Helse og omsorg,0.9238095238095239,0.9215686274509803,0.9308755760368663
Opplæring og utdanning,0.8888888888888888,0.896551724137931,0.896551724137931
Arbeid,1.0,1.0,1.0
Sosial og økonomisk trygghet,0.8524590163934426,0.847457627118644,0.8421052631578947
Kultur-Idrett-Fritid,0.5,0.5,0.5
Innbygger,0.25,0.25,0.2857142857142857
