{
  "haiku": {
    "n": 114,
    "accuracy": 0.8421052631578947,
    "mean_confidence": 0.9507017543859648,
    "median_confidence": 0.95,
    "ece": 0.10859649122807023,
    "auroc": 0.8035300925925926,
    "acc_full": 0.8421052631578947,
    "acc_top75pct": 0.8953488372093024,
    "acc_top50pct": 0.9473684210526315
  },
  "gpt41": {
    "n": 114,
    "accuracy": 0.8859649122807017,
    "mean_confidence": 0.9824561403508771,
    "median_confidence": 1.0,
    "ece": 0.09649122807017543,
    "auroc": 0.7261995430312262,
    "acc_full": 0.8859649122807017,
    "acc_top75pct": 0.9069767441860465,
    "acc_top50pct": 0.9824561403508771
  },
  "gpt51": {
    "n": 105,
    "accuracy": 0.8380952380952381,
    "mean_confidence": 0.9611428571428573,
    "median_confidence": 0.97,
    "ece": 0.12304761904761917,
    "auroc": 0.8302139037433155,
    "acc_full": 0.8380952380952381,
    "acc_top75pct": 0.8987341772151899,
    "acc_top50pct": 0.9622641509433962
  }
}