{
  "pre_calibration": {
    "n": 1537,
    "alpha": 0.7493137851059425,
    "alpha_ci": [
      0.7230012850544619,
      0.7717245562258481
    ],
    "kappa": 0.7625905990588003
  },
  "post_calibration": {
    "n": 598,
    "alpha": 0.7484425394431484,
    "alpha_ci": [
      0.7044407230672948,
      0.7842784418307586
    ],
    "kappa": 0.7666520336420205
  }
}